<?xml version='1.0' encoding='UTF-8'?>
<?artifactRepository version='1.1.0'?>
<repository name='file:/D:/EIS/CWC_MuleAPP/MAS-cwc-ws1-tags-1.1.14-2016.11.04-with-simulators/smpp-connector/target/update-site/ - artifacts' type='org.eclipse.equinox.p2.artifact.repository.simpleRepository' version='1'>
  <properties size='2'>
    <property name='p2.timestamp' value='1484534278427'/>
    <property name='p2.compressed' value='false'/>
  </properties>
  <mappings size='3'>
    <rule filter='(&amp; (classifier=osgi.bundle))' output='${repoUrl}/plugins/${id}_${version}.jar'/>
    <rule filter='(&amp; (classifier=binary))' output='${repoUrl}/binary/${id}_${version}'/>
    <rule filter='(&amp; (classifier=org.eclipse.update.feature))' output='${repoUrl}/features/${id}_${version}.jar'/>
  </mappings>
  <artifacts size='2'>
    <artifact classifier='osgi.bundle' id='org.mule.tooling.ui.contribution.smpp.3.5.0' version='1.0.0.201701160807'>
      <properties size='3'>
        <property name='artifact.size' value='639082'/>
        <property name='download.size' value='639082'/>
        <property name='download.md5' value='6703789f19c0c700c01c64cdc96f40f9'/>
      </properties>
    </artifact>
    <artifact classifier='org.eclipse.update.feature' id='org.mule.tooling.ui.extension.smpp-connector.3.5.0' version='1.0.0.201701160807'>
      <properties size='4'>
        <property name='artifact.size' value='643'/>
        <property name='download.size' value='643'/>
        <property name='download.md5' value='36e489197e8b6f6963a1c2078f627136'/>
        <property name='download.contentType' value='application/zip'/>
      </properties>
    </artifact>
  </artifacts>
</repository>
